name, sha256
stdcdrv64.sys,37022838c4327e2a5805e8479330d8ff6f8cd3495079905e867811906c98ea20
IoAccess.sys,b78eb7f12ba718183313cf336655996756411b7dcc8648157aaa4c891ca9dbee
IoAccess.sys,b9e0c2a569ab02742fa3a37846310a1d4e46ba2bfd4f80e16f00865fc62690cb
GEDevDrv.SYS,51145A3FA8258AAC106F65F34159D23C54B48B6D54EC0421748B3939AB6778EB
GEDevDrv.SYS,A369942CE8D4B70EBF664981E12C736EC980DBE5A74585DD826553C4723B1BCE
GEDevDrv.SYS,AE73DD357E5950FACE9C956570088F334D18464CD49F00C56420E3D6FF47E8DC
GEDevDrv.SYS,CAC5DC7C3DA69B682097144F12A816530091D4708CA432A7CE39F6ABE6616461
GtcKmdfBs.sys,0ABCA92512FC98FE6C2E7D0A33935686FC3ACBD0A4C68B51F4A70ECE828C0664
GtcKmdfBs.sys,4B465FAF013929EDF2F605C8CD1AC7A278DDC9A536C4C34096965E6852CBFB51
GtcKmdfBs.sys,E6023B8FD2CE4AD2F3005A53AA160772E43FE58DA8E467BD05AB71F3335FB822
GtcKmdfBs.sys,E6D1EE0455068B74CF537388C874ACB335382876AA9D74586EFB05D6CC362AE5
GtcKmdfBs.sys,EDBB23E74562E98B849E5D0EEFDE3AF056EC6E272802A04B61BEBD12395754E5
PDFWKRNL.sys,5df689a62003d26df4aefbaed41ec1205abbf3a2e18e1f1d51b97711e8fcdf00
PDFWKRNL.sys,6945077a6846af3e4e2f6a2f533702f57e993c5b156b6965a552d6a5d63b7402
PDFWKRNL.sys,0cf84400c09582ee2911a5b1582332c992d1cd29fcf811cb1dc00fcd61757db0
PDFWKRNL.sys,f190919f1668652249fa23d8c0455acbde9d344089fde96566239b1a18b91da2
TdkLib64.sys,03920ED3F904838B65C2065A338F08CE062C40247539345EA8F4C158EFE66634
TdkLib64.sys,20D0759B3309603EA085ED31A636E42301DF7DDCD358584E2CCD6CABF72AF7C3
TdkLib64.sys,2695390A8A7448390FE383BEB1EEE06D582202683F0273D6E72EF39A8CF709E1
TdkLib64.sys,31E2E5C3290989E8624820CF5AF886FD778EE8187FED593F33A6178F65103F37
TdkLib64.sys,38E6D7C2787B6289629C72B1EC87655392267044B4E4B830C0232243657EE8F9
TdkLib64.sys,39F137083E6C0200543E1F8D3C074F857D141BDB8C8F09338D48520537B881AA
TdkLib64.sys,4C807BACFCF5C30686E26812EC8D5581A824B82FEE7434260C27C33EEE2DFBE2
TdkLib64.sys,506F56996FBCD34FF8A27E6948A2E2E21E6DBF42DAB6E3A6438402000B969FD1
TdkLib64.sys,5BE106B92424B12865338B3F541B3C244DCE9693FE15F763316F0C6D6FC073EE
TdkLib64.sys,5FBFD7C4EA3DB1197AD38D5A945ACF6F2F42CB350380CF8AE276BC80B0DEDB77
TdkLib64.sys,7277130AFA0B1506998D7BC58567B0D83F52A27175F4C7C4A7186347095FCEED
TdkLib64.sys,797C1F883D90D25E7FD553624BB16BFD5DB24C2658AA0C3C51C715D5833C10FD
TdkLib64.sys,89BC3CB4522F9B0BF467A93A4123EF623C28244E25A9C34D4AAE11F705D187E7
TdkLib64.sys,AA0C52CEBD64A0115C0E7FAF4316A52208F738F66A54B4871BD4162EB83DC41A
TdkLib64.sys,BEF87650C29FAF421E7AD666BF47D7A78A45F291B438C8D1C4B6A66E5B54C6FC
TdkLib64.sys,BFC121E93FCBF9BD42736CFE7675AE2CC805BE9A58F1A0D8CC3AA5B42E49A13F
TdkLib64.sys,CBD4F66AE09797FCD1DC943261A526710ACC8DD4B24E6F67ED4A1FCE8B0AE31C
TdkLib64.sys,DD0BD7B8FAE8E8835BA09118A02A06A51E111FCCBE16916414844AAB91CFEED4
TdkLib64.sys,E34AFE0A8C5459D13E7A11F20D62C7762B2A55613AAF6DBEB887E014B5F19295
phymem_ext64.sys,4ec7af309a9359c332d300861655faeceb68bb1cd836dd66d10dd4fac9c01a28
phymem_ext64.sys,793a26c5c4c154a40f84c3d3165deb807062b26796acaae94b72f453e95230d5
phymem_ext64.sys,e26a21e1b79ecaee7033e05edb0bd72aca463c23bd6fdf5835916ce2dfdf1a63
phymem_ext64.sys,fc3e8554602c476e2edfa92ba4f6fb2e5ba0db433b9fbd7d8be1036e454d2584
rtif.sys,0d133ced666c798ea63b6d8026ec507d429e834daa7c74e4e091e462e5815180
rtif.sys,3670ccd9515d529bb31751fcd613066348057741adeaf0bffd1b9a54eb8baa76
rtif.sys,4ce8583768720be90fae66eed3b6b4a8c7c64e033be53d4cd98246d6e06086d0
rtif.sys,9399f35b90f09b41f9eeda55c8e37f6d1cb22de6e224e54567d1f0865a718727
rtif.sys,a66b4420fa1df81a517e2bbea1a414b57721c67a4aa1df1967894f77e81d036e
rtif.sys,ba40b1fc798c2f78165e78997b4baf3d99858ee39a372ca6fbc303057793e50d
rtif.sys,eae5c993b250dcc5fee01deeb30045b0e5ee7cf9306ef6edd8c58e4dc743a8ed
cg6kwin2k.sys,223f61c3f443c5047d1aeb905b0551005a426f084b7a50384905e7e4ecb761a1
RadHwMgr.sys,00c3e86952eebb113d91d118629077b3370ebc41eeacb419762d2de30a43c09c
RadHwMgr.sys,0f30ecd4faec147a2335a4fc031c8a1ac9310c35339ebeb651eb1429421951a0
RadHwMgr.sys,7c79e5196c2f51d2ab16e40b9d5725a8bf6ae0aaa70b02377aedc0f4e93ca37f
RadHwMgr.sys,7c8ad57b3a224fdc2aac9dd2d7c3624f1fcd3542d4db804de25a90155657e2cc
RadHwMgr.sys,903d6d71da64566b1d9c32d4fb1a1491e9f91006ad2281bb91d4f1ee9567ef7b
RadHwMgr.sys,df96d844b967d404e58a12fc57487abc24cd3bd1f8417acfe1ce1ee4a0b0b858
FPCIE2COM.sys,17942865680bd3d6e6633c90cc4bd692ae0951a8589dbe103c1e293b3067344d
FPCIE2COM.sys,32bd0edb9daa60175b1dc054f30e28e8dbfa293a32e6c86bfd06bc046eaa2f9e
FPCIE2COM.sys,81fbc9d02ef9e05602ea9c0804d423043d0ea5a06393c7ece3be03459f76a41d
FPCIE2COM.sys,b1920889466cd5054e3ab6433a618e76c6671c3e806af8b3084c77c0e7648cbe
FPCIE2COM.sys,ebf0e56a1941e3a6583aab4a735f1b04d4750228c18666925945ed9d7c9007e1
ecsiodriverx64.sys,270547552060c6f4f5b2ebd57a636d5e71d5f8a9d4305c2b0fe5db0aa2f389cc
ecsiodriverx64.sys,7de1ce434f957df7bbdf6578dd0bf06ed1269f3cc182802d5c499f5570a85b3a
sysconp.sys,dba8db472e51edd59f0bbaf4e09df71613d4dd26fd05f14a9bc7e3fc217a78aa
sysconp.sys,df4c02beb039d15ff0c691bbc3595c9edfc1d24e783c8538a859bc5ea537188d
ngiodriver.sys,1072beb3ff6b191b3df1a339e3a8c87a8dc5eae727f2b993ea51b448e837636a
ngiodriver.sys,1a450ae0c9258ab0ae64f126f876b5feed63498db729ec61d06ed280e6c46f67
ngiodriver.sys,2ad8c38f6e0ca6c93abe3228c8a5d4299430ce0a2eeb80c914326c75ba8a33f9
ngiodriver.sys,42b31b850894bf917372ff50fbe1aff3990331e8bd03840d75e29dcc1026c180
ngiodriver.sys,5e3bc2d7bc56971457d642458563435c7e5c9c3c7c079ef5abeb6a61fb4d52ea
ngiodriver.sys,5fae7e491b0d919f0b551e15e0942ac7772f2889722684aea32cff369e975879
ngiodriver.sys,733789d0a253e8d80cc3240e365b8d4274e510e36007f6e4b5fd13b07b084c3e
ngiodriver.sys,85fdd255c5d7add25fd7cd502221387a5e11f02144753890218dd31a8333a1a3
ngiodriver.sys,c0c52425dd90f36d110952c665e5b644bb1092f952942c07bb4da998c9ce6e5b
ngiodriver.sys,d0e4d3e1f5d5942aaf2c72631e9490eecc4d295ee78c323d8fe05092e5b788eb
ngiodriver.sys,d1463b7fec911c10a8c96d84eb7c0f9e95fa488d826647a591a38c0593f812a4
ngiodriver.sys,e8eb1c821dbf56bde05c0c49f6d560021628df89c29192058ce68907e7048994
avalueio.sys,a5a4a3c3d3d5a79f3ed703fc56d45011c21f9913001fcbcc43a3f7572cff44ec
avalueio.sys,defde359045213ae6ae278e2a92c5b4a46a74119902364c7957a38138e9c9bbd
tdeio64.sys,1076504a145810dfe331324007569b95d0310ac1e08951077ac3baf668b2a486
tdeio64.sys,13ae4d9dcacba8133d8189e59d9352272e15629e6bca580c32aff9810bd96e44
WiRwaDrv.sys,d8fc8e3a1348393c5d7c3a84bcbae383d85a4721a751ad7afac5428e5e579b4e
CP2X72C.SYS,05c15a75d183301382a082f6d76bf3ab4c520bf158abca4433d9881134461686
CP2X72C.SYS,11832c345e9898c4f74d3bf8f126cf84b4b1a66ad36135e15d103dbf2ac17359
CP2X72C.SYS,4b4ea21da21a1167c00b903c05a4e3af6c514ea3dfe0b5f371f6a06305e1d27f
CP2X72C.SYS,63865f04c1150655817ed4c9f56ad9f637d41ebd2965b6127fc7c02757a7800e
CP2X72C.SYS,9c8ed1506b3e35f5eea6ac539e286d46ef76ddbfdfc5406390fd2157c762ce91
SMARTEIO64.SYS,3c95ebf3f1a87f67d2861dbd1c85dc26c118610af0c9fbf4180428e653ac3e50
AODDriver.sys,070ff602cccaaef9e2b094e03983fd7f1bf0c0326612eb76593eabbf1bda9103
AODDriver.sys,33d7046a5d41f4010ad5df632577154ed223dac2ab0ca2da57dbf1724db45a57
AODDriver.sys,3c11dec1571253594d64619d8efc8c0212897be84a75a8646c578e665f58bf5d
AODDriver.sys,478bcb750017cb6541f3dd0d08a47370f3c92eec998bc3825b5d8e08ee831b70
AODDriver.sys,49ae47b6b4d5e1b791b89e0395659d42a29a79c3e6ec52cbfcb9f9cef857a9dd
AODDriver.sys,4ace6dded819e87f3686af2006cb415ed75554881a28c54de606975c41975112
AODDriver.sys,5a0b10a9e662a0b0eeb951ffd2a82cc71d30939a78daebd26b3f58bb24351ac9
AODDriver.sys,5daa8fa3b5db2e6225a2effea41af95fe7ffc579550c4081c8028ed33bc023b8
AODDriver.sys,7a1105548bfc4b0a1b7b891cde0356d39b6633975cbcd0f2e2d8e31b3646d2ca
AODDriver.sys,81d54ebef1716e195955046ffded498a5a7e325bf83e7847893aa3b0b3776d05
AODDriver.sys,8a982eed9cbc724d50a9ddf4f74ecbcd67b4fdcd9c2bb1795bc88c2d9caf7506
AODDriver.sys,ef438a754fd940d145cc5d658ddac666a06871d71652b258946c21efe4b7e517
AODDriver.sys,f4dc11b7922bf2674ca9673638e7fe4e26aceb0ebdc528e6d10c8676e555d7b2
dellbios.sys,0584520b4b3bdad1d177329bd9952c0589b2a99eb9676cb324d1fce46dad0b9a
dellbios.sys,163912dfa4ad141e689e1625e994ab7c1f335410ebff0ade86bda3b7cdf6e065
dellbios.sys,2288c418ddadd5a1db4e58c118d8455b01fd33728664408ce23b9346ae0ca057
dellbios.sys,3678ba63d62efd3b706d1b661d631ded801485c08b5eb9a3ef38380c6cff319a
dellbios.sys,5449e4dd1b75a7d52922c30baeca0ca8e32fe2210d1e72af2a2f314a5c2268fb
dellbios.sys,5bf3985644308662ebfa2fbcc11fb4d3e2a0c817ad3da1a791020f8c8589ebc8
dellbios.sys,6575ea9b319beb3845d43ce2c70ea55f0414da2055fa82eec324c4cebdefe893
dellbios.sys,700b9839fde53e91f0847053b4d2eb8d9bd3aca098844510f1fa3bab6a37eb24
dellbios.sys,a6c11d3bec2a94c40933ec1d3604cfe87617ba828b14f4cded6cfe85656debc0
dellbios.sys,b3a191ccd1df19cdf17fe6637d48266ac84c4310b013ad6973d8cb336b06ff69
dellbios.sys,b84dc9b885193ced6a1b6842a365a4f18d1683951bb11a5c780ab737ffa06684
stdcdrvws64.sys,70afdc0e11db840d5367afe53c35d9642c1cf616c7832ab283781d085988e505
sepdrv3_1.sys,b2bc7514201727d773c09a1cfcfae793fcdbad98024251ccb510df0c269b04e6
EverestDriver.sys,065a34b786b0ccf6f88c136408943c3d2bd3da14357ee1e55e81e05d67a4c9bc
EverestDriver.sys,0c018eaa293c03febe2aef1e868fca782a06b49d7d2f9f388ae5fb57604c5250
EverestDriver.sys,125e4475a5437634cab529da9ea2ef0f4f65f89fb25a06349d731f283c27d9fe
EverestDriver.sys,1336469ec0711736e742b730d356af23f8139da6038979cfe4de282de1365d3b
EverestDriver.sys,18047c2d45758a43d6b7e56bcd4aa90354c899795baf944f037850c48d8e892a
EverestDriver.sys,212c05b487cd4e64de2a1077b789e47e9ac3361efa24d9aab3cc6ad4bd3bd76a
EverestDriver.sys,33bc9a17a0909e32a3ae7e6f089b7f050591dd6f3f7a8172575606bec01889ef
EverestDriver.sys,38535a0e9fc0684308eb5d6aa6284669bc9743f11cb605b79883b8c13ef906ad
EverestDriver.sys,442f12adebf7cb166b19e8aead2b0440450fd1f33f5db384a39776bb2656474a
EverestDriver.sys,51f002ee44e46889cf5b99a724dd10cc2bd3e22545e2a2cb3bd6b1dd3af5ba11
EverestDriver.sys,53b9e423baf946983d03ce309ec5e006ba18c9956dcd97c68a8b714d18c8ffcf
EverestDriver.sys,582b62ffbcbcdd62c0fc624cdf106545af71078f1edfe1129401d64f3eefaa3a
EverestDriver.sys,6297556f66cd6619057f3a5b216b314f8a27eebb5fa575ee07a1944aca71ae80
EverestDriver.sys,680ddece32fe99f056e770cb08641f5b585550798dfdf723441a11364637c7e6
EverestDriver.sys,6ef0b34649186fb98a7431b606e77ee35e755894b038755ba98e577bd51b2c72
EverestDriver.sys,748ccadb6bf6cdf4c5a5a1bb9950ee167d8b27c5817da71d38e2bc922ffce73d
EverestDriver.sys,76940e313c27c7ff692051fbf1fbdec19c8c31a6723a9de7e15c3c1bec8186f6
EverestDriver.sys,8edab185e765f9806fa57153db1ede00e68270d2351443ee1de30674eca8d9b6
EverestDriver.sys,90574d2c406b9738aae8fc629c3983c5e47a6282a43b052f38b5dd313380c30a
EverestDriver.sys,9917144b7240b1ce0cadb1210fd26182744fbbdf145943037c4b93e44aced207
EverestDriver.sys,a188760f1bf36584a2720014ca982252c6bcd824e7619a98580e28be6090dccc
EverestDriver.sys,b074caef2fbf7e1dc8870edccb65254858d95836f466b4e9e6ca398bf7a27aa3
EverestDriver.sys,b1e4455499c6a90ba9a861120a015a6b6f17e64479462b869ad0f05edf6552de
EverestDriver.sys,bac7e75745d0cb8819de738b73edded02a07111587c4531383dccd4562922b65
EverestDriver.sys,bae4372a9284db52dedc1c1100cefa758b3ec8d9d4f0e5588a8db34ded5edb1f
EverestDriver.sys,bd3cf8b9af255b5d4735782d3653be38578ff5be18846b13d05867a6159aaa53
EverestDriver.sys,c6db7f2750e7438196ec906cc9eba540ef49ceca6dbd981038cef1dc50662a73
EverestDriver.sys,cb59a641adb623a65a9b5af1db2ffd921fd1ca1bc046a6df85d5f2e00fd0b5a5
EverestDriver.sys,d330ab003206ce5e9828607562790aa8dd0453f6b7452f5c6053e3c6b6761d25
EverestDriver.sys,d3b5fd13a53eee5c468c8bfde4bfa7b968c761f9b781bb80ccd5637ee052ee7d
EverestDriver.sys,db0d425708ba908aedf5f8762d6fdca7636ae3a537372889446176c0237a2836
EverestDriver.sys,dfe57c6a4ef4d2491be325d67428698a61d9c5d2a24dbada10043d313be2c8cc
EverestDriver.sys,e8b51ab681714e491ab1a59a7c9419db39db04b0dd7be11293f3a0951afe740e
EverestDriver.sys,e9919d1546c7dfef62ff01b87f739812de0a57463611c12012013ae689023ce1
EverestDriver.sys,f13f6a4bf7711216c9e911f18dfa2735222551fb1f8c1a645a8674c1983ccea6
kerneld.amd64,f64a78b1294e6837f12f171a663d8831f232b1012fd8bae3c2c6368fbf71219b
hwdetectng.sys,2f8b68de1e541093f2d4525a0d02f36d361cd69ee8b1db18e6dd064af3856f4f
hwdetectng.sys,43136de6b77ef85bc661d401723f38624e93c4408d758bc9f27987f2b4511fee
hwdetectng.sys,d45600f3015a54fa2c9baa7897edbd821aeea2532e6aadb8065415ed0a23d0c2
VdBSv64.sys,91afa3de4b70ee26a4be68587d58b154c7b32b50b504ff0dc0babc4eb56578f4
nvoclock.sys,060d25126e45309414b380ee29f900840b689eae4217a8e621563f130c1d457f
nvoclock.sys,0fc0644085f956706ea892563309ba72f0986b7a3d4aa9ae81c1fa1c35e3e2d3
nvoclock.sys,16ae28284c09839900b99c0bdf6ce4ffcd7fe666cfd5cfb0d54a3ad9bea9aa9c
nvoclock.sys,2203bd4731a8fdc2a1c60e975fd79fd5985369e98a117df7ee43c528d3c85958
nvoclock.sys,29f449fca0a41deccef5b0dccd22af18259222f69ed6389beafe8d5168c59e36
nvoclock.sys,3cb111fdedc32f2f253aacde4372b710035c8652eb3586553652477a521c9284
nvoclock.sys,3d008e636e74c846fe7c00f90089ff725561cb3d49ce3253f2bbfbc939bbfcb2
nvoclock.sys,4d777a9e2c61e8b55b3c34c5265b301454bb080abe7ffb373e7800bd6a498f8d
nvoclock.sys,642857fc8d737e92db8771e46e8638a37d9743928c959ed056c15427c6197a54
nvoclock.sys,64a8e00570c68574b091ebdd5734b87f544fa59b75a4377966c661d0475d69a5
nvoclock.sys,77da3e8c5d70978b287d433ae1e1236c895b530a8e1475a9a190cdcc06711d2f
nvoclock.sys,837d3b67d3e66ef1674c9f1a47046e1617ed13f73ee08441d95a6de3d73ee9f2
nvoclock.sys,848b150ffcf1301b26634a41f28deacb5ccdd3117d79b590d515ed49849b8891
nvoclock.sys,87b4c5b7f653b47c9c3bed833f4d65648db22481e9fc54aa4a8c6549fa31712b
nvoclock.sys,909f6c4b8f779df01ef91e549679aa4600223ac75bc7f3a3a79a37cee2326e77
nvoclock.sys,9bfd24947052bfe9f2979113a7941e40bd7e3a82eaa081a32ad4064159f07c91
nvoclock.sys,a47555d04b375f844073fdcc71e5ccaa1bbb201e24dcdebe2399e055e15c849f
nvoclock.sys,ae3a6a0726f667658fc3e3180980609dcb31bdbf833d7cb76ba5d405058d5156
nvoclock.sys,afda5af5f210336061bff0fab0ed93ee495312bed639ec5db56fbac0ea8247d3
nvoclock.sys,b2364c3cf230648dad30952701aef90acfc9891541c7e154e30c9750da213ed1
nvoclock.sys,b8321471be85dc8a67ac18a2460cab50e7c41cb47252f9a7278b1e69d6970f25
nvoclock.sys,d54ac69c438ba77cde88c6efd6a423491996d4e8a235666644b1db954eb1da9c
nvoclock.sys,d633055c7eda26dacfc30109eb790625519fc7b0a3a601ceed9e21918aad8a1b
nvoclock.sys,d7c90cf3fdbbd2f40fe6a39ad0bb2a9a97a0416354ea84db3aeff6d925d14df8
nvoclock.sys,f4e500a9ac5991da5bf114fa80e66456a2cde3458a3d41c14e127ac09240c114
rtport.sys,3c0a36990f7eef89b2d5f454b6452b6df1304609903f31f475502e4050241dd8
rtport.sys,6f806a9de79ac2886613c20758546f7e9597db5a20744f7dd82d310b7d6457d0
rtport.sys,71423a66165782efb4db7be6ce48ddb463d9f65fd0f266d333a6558791d158e5
rtport.sys,8fe429c46fedbab8f06e5396056adabbb84a31efef7f9523eb745fc60144db65
rtport.sys,a29093d4d708185ba8be35709113fb42e402bbfbf2960d3e00fd7c759ef0b94e
rtport.sys,c490d6c0844f59fdb4aa850a06e283fbf5e5b6ac20ff42ead03d549d8ae1c01b
rtport.sys,e3dbafce5ad2bf17446d0f853aeedf58cc25aa1080ab97e22375a1022d6acb16
rtport.sys,ff322cd0cc30976f9dbdb7a3681529aeab0de7b7f5c5763362b02c15da9657a1
ComputerZ.Sys,00d9781d0823ab49505ef9c877aa6fa674e19ecc8b02c39ee2728f298bc92b03
ComputerZ.Sys,03680068ec41bbe725e1ed2042b63b82391f792e8e21e45dc114618641611d5d
ComputerZ.Sys,07d0090c76155318e78a676e2f8af1500c20aaa1e84f047c674d5f990f5a09c8
ComputerZ.Sys,0fc3bc6e81b04dcaa349f59f04d6c85c55a2fea5db8fa0ba53d3096a040ce5a7
ComputerZ.Sys,13ae3081393f8100cc491ebb88ba58f0491b3550787cf3fd25a73aa7ca0290d9
ComputerZ.Sys,182bbdb9ecd3932e0f0c986b779c2b2b3997a7ca9375caa2ec59b4b08f4e9714
ComputerZ.Sys,26ecd3cea139218120a9f168c8c0c3b856e0dd8fb2205c2a4bcb398f5f35d8dd
ComputerZ.Sys,31ffc8218a52c3276bece1e5bac7fcb638dca0bc95c2d385511958abdbe4e4a5
ComputerZ.Sys,348dc502ac57d7362c7f222e656c52e630c90bef92217a3bd20e49193b5a69f1
ComputerZ.Sys,37d999df20c1a0b8ffaef9484c213a97b9987ed308b4ba07316a6013fbd31c60
ComputerZ.Sys,386745d23a841e1c768b5bdf052e0c79bb47245f9713ee64e2a63f330697f0c8
ComputerZ.Sys,39134750f909987f6ebb46cf37519bb80707be0ca2017f3735018bac795a3f8d
ComputerZ.Sys,3e758221506628b116e88c14e71be99940894663013df3cf1a9e0b6fb18852b9
ComputerZ.Sys,3f3684a37b2645fa6827943d9812ffc2d83e89e962935b29874bec7c3714a06f
ComputerZ.Sys,40eef1f52c7b81750cee2b74b5d2f4155d4e58bdde5e18ea612ab09ed0864554
ComputerZ.Sys,423f052690b6b523502931151dfcc63530e3bd9d79680f9b5ac033b23b5c6f18
ComputerZ.Sys,468b087a0901d7bd971ab564b03ded48c508840b1f9e5d233a7916d1da6d9bd5
ComputerZ.Sys,47c490cc83a17ff36a1a92e08d63e76edffba49c9577865315a6c9be6ba80a7d
ComputerZ.Sys,5aee1bae73d056960b3a2d2e24ea07c44358dc7bc3f8ac58cc015cccc8f8d89c
ComputerZ.Sys,5c80dc051c4b0c62b9284211f71e5567c0c0187e466591eacb93e7dc10e4b9ab
ComputerZ.Sys,5c9e257c9740561b5744812e1343815e7972c362c8993d972b96a56e18c712f3
ComputerZ.Sys,61e7f9a91ef25529d85b22c39e830078b96f40b94d00756595dded9d1a8f6629
ComputerZ.Sys,61f3b1c026d203ce94fab514e3d15090222c0eedc2a768cc2d073ec658671874
ComputerZ.Sys,64dddd5ac53fe2c9de2b317c09034d1bccaf21d6c03ccfde3518e5aa3623dd66
ComputerZ.Sys,66f851b309bada6d3e4b211baa23b534165b29ba16b5cbf5e8f44eaeb3ca86ea
ComputerZ.Sys,6d2cc7e1d95bb752d79613d0ea287ea48a63fb643dcb88c12b516055da56a11d
ComputerZ.Sys,71c0ce3d33352ba6a0fb26e274d0fa87dc756d2473e104e0f5a7d57fab8a5713
ComputerZ.Sys,7553c76b006bd2c75af4e4ee00a02279d3f1f5d691e7dbdc955eac46fd3614c3
ComputerZ.Sys,767ef5c831f92d92f2bfc3e6ea7fd76d11999eeea24cb464fd62e73132ed564b
ComputerZ.Sys,8047859a7a886bcf4e666494bd03a6be9ce18e20dc72df0e5b418d180efef250
ComputerZ.Sys,8781589c77df2330a0085866a455d3ef64e4771eb574a211849784fdfa765040
ComputerZ.Sys,898e07cf276ec2090b3e7ca7c192cc0fa10d6f13d989ef1cb5826ca9ce25b289
ComputerZ.Sys,8d3347c93dff62eecdde22ccc6ba3ce8c0446874738488527ea76d0645341409
ComputerZ.Sys,a34e45e5bbec861e937aefb3cbb7c8818f72df2082029e43264c2b361424cbb1
ComputerZ.Sys,a97b404aae301048e0600693457c3320d33f395e9312938831bc5a0e808f2e67
ComputerZ.Sys,bc453d428fc224960fa8cbbaf90c86ce9b4c8c30916ad56e525ab19b6516424e
ComputerZ.Sys,c186967cc4f2a0cb853c9796d3ea416d233e48e735f02b1bb013967964e89778
ComputerZ.Sys,c586befc3fd561fcbf1cf706214ae2adaa43ce9ba760efd548d581f60deafc65
ComputerZ.Sys,c6a5663f20e5cee2c92dee43a0f2868fb0af299f842410f4473dcde7abcb6413
ComputerZ.Sys,d474ea066d416ded9ed8501c285ca6b1c26a1d1c813c8f6bd5523eeb66c5d01e
ComputerZ.Sys,d6801e845d380c809d0da8c7a5d3cd2faa382875ae72f5f7af667a34df25fbf7
ComputerZ.Sys,d9a73df5ac5c68ef5b37a67e5e649332da0f649c3bb6828f70b65c0a2e7d3a23
ComputerZ.Sys,dda2a604bb94a274e23f0005f0aa330d45ca1ea25111746fb46fa5ef6d155b1d
ComputerZ.Sys,dee384604d2d0018473941acbefe553711ded7344a4932daeffb876fe2fa0233
ComputerZ.Sys,e502c2736825ea0380dd42effaa48105a201d4146e79de00713b8d3aaa98cd65
ComputerZ.Sys,e642d82c5cde2bc40a204736b5b8d6578e8e2b893877ae0508cfa3371fc254dc
ComputerZ.Sys,ed3448152bcacf20d7c33e9194c89d5304dee3fba16034dd0cc03a3374e63c91
ComputerZ.Sys,f14da8aa5c8eea8df63cf935481d673fdf3847f5701c310abf4023f9d80ad57d
ComputerZ.Sys,f93e0d776481c4ded177d5e4aebb27f30f0d47dcb4a1448aee8b66099ac686e1
ComputerZ.Sys,fa77a472e95c4d0a2271e5d7253a85af25c07719df26941b39082cfc0733071a
SBIOSIO64.sys,1e24c45ce2672ee403db34077c88e8b7d7797d113c6fd161906dce3784da627d
SBIOSIO64.sys,39336e2ce105901ab65021d6fdc3932d3d6aab665fe4bd55aa1aa66eb0de32f0
SBIOSIO64.sys,442d506c1ac1f48f6224f0cdd64590779aee9c88bdda2f2cc3169b862cba1243
SBIOSIO64.sys,b3d1bdd4ad819b99870b6e2ed3527dfc0e3ce27b929ad64382b9c3d4e332315c
SysInfoDetectorX64.sys,45e5977b8d5baec776eb2e62a84981a8e46f6ce17947c9a76fa1f955dc547271
nvaudio.sys,b0dcdbdc62949c981c4fc04ccea64be008676d23506fc05637d9686151a4b77f
FH-EtherCAT_DIO.sys,ae71f40f06edda422efcd16f3a48f5b795b34dd6d9bb19c9c8f2e083f0850eb7
atlAccess.sys,0b57569aaa0f4789d9642dd2189b0a82466b80ad32ff35f88127210ed105fe57